RespondentID,SouthernID,HowManySouthernStates ,Male,Age,HouseholdIncome,Education
3190851410,2,8,1,2,4,3
3190823139,0,2,,,,
3190763877,1,11,1,2,5,3
3190684926,0,1,1,2,1,2
3190455016,3,11,1,2,5,4
3190215955,0,13,1,2,1,5
3190152524,1,11,1,2,4,5
3190106104,1,11,1,2,3,2
3189832347,0,6,1,2,3,4
3189801737,2,8,1,1,4,4
3189746284,2,12,1,2,5,5
3189729230,2,7,1,1,3,4
3189520407,2,8,1,1,4,3
3189499436,2,4,1,2,1,3
3189491853,1,13,1,4,3,4
3189444326,2,10,1,2,3,2
3189443972,3,10,1,1,3,3
3189436304,2,6,1,4,1,2
3189432757,0,8,1,2,2,4
3189432688,3,6,1,2,3,3
3189409220,0,7,1,4,4,5
3189402426,1,6,1,4,4,5
3189400750,2,13,1,4,3,4
3189399595,3,5,1,2,1,4
3189391354,1,12,1,4,,5
3189382561,2,7,,,,
3189371424,0,4,1,1,1,3
3189370845,1,6,1,1,3,3
3189363897,0,3,1,1,5,4
3189359795,3,5,1,2,2,4
3189343008,2,9,1,2,3,5
3189336224,2,12,1,4,5,5
3189329662,2,11,1,4,5,5
3189324995,2,15,1,4,5,5
3189306707,1,12,1,1,3,3
3189296576,1,11,1,2,3,5
3189276814,2,10,1,2,2,3
3189254989,2,13,,,,
3189250586,1,9,,,,
3189239191,3,9,1,1,5,3
3189217755,3,11,1,4,3,2
3189206562,3,9,1,2,3,4
3189197555,0,8,1,4,2,3
3189196217,0,10,,,,
3189192421,0,11,1,2,3,5
3189177380,2,10,1,3,3,3
3189175870,3,5,1,3,2,3
3189173442,1,14,1,3,3,3
3189169477,1,11,1,3,4,5
3189144887,2,9,1,3,4,5
3189141227,3,10,1,2,5,4
3189123414,3,12,1,3,3,4
3189114695,2,9,1,3,5,4
3189112090,0,11,,,,
3189106909,2,12,1,4,5,3
3189106340,0,10,1,3,2,2
3189098709,0,6,1,4,3,5
3189091009,3,13,1,4,5,5
3189088250,1,7,1,4,3,3
3189080974,2,9,1,3,5,5
3189064949,2,9,1,2,3,5
3189061790,1,15,1,3,3,4
3189053033,2,9,1,2,3,3
3189052689,3,9,1,1,3,4
3189042658,0,6,1,2,1,5
3189042260,0,11,1,2,5,5
3189041485,0,6,,,,
3189035077,3,6,1,2,1,3
3189029297,2,15,1,3,1,3
3189024972,0,10,1,3,5,4
3189023811,2,7,1,2,3,4
3189021185,2,12,1,2,1,3
3189020927,2,11,,,,
3189018648,3,12,1,4,4,5
3189017837,3,9,1,2,3,4
3189014210,2,7,1,3,3,3
3189008499,0,5,1,4,3,4
3188994639,2,9,1,4,3,4
3188981329,3,9,1,3,3,4
3188978667,3,11,1,4,4,4
3188970550,0,13,1,4,5,5
3188964784,0,6,1,3,4,4
3188960011,3,14,1,3,3,4
3188957904,3,10,1,3,5,2
3188947434,1,12,1,4,5,5
3188946947,1,4,,,,
3188939315,1,13,1,4,2,4
3188903288,2,5,1,4,5,5
3188888888,0,6,1,4,5,4
3188884196,3,6,1,3,5,3
3188862999,3,10,1,4,5,5
3188832726,0,9,1,2,2,4
3188814818,3,10,1,4,1,4
3188790546,3,12,1,3,5,5
3188785324,2,12,1,3,5,5
3188776822,3,1,1,4,2,3
3188773275,3,9,1,1,3,4
3188772724,3,10,1,3,3,4
3188743482,3,13,1,2,3,4
3188740382,3,9,1,3,3,
3188715980,3,9,1,3,5,
3188714334,2,10,1,3,3,3
3188682376,0,6,1,3,4,5
3188681186,1,4,1,2,5,4
3188681061,1,10,1,4,4,5
3188663890,3,9,1,4,4,5
3188662870,2,10,1,4,3,4
3188657414,1,13,1,1,4,2
3188637466,0,10,1,4,5,5
3188631604,3,18,1,2,5,3
3188601011,3,6,1,1,5,3
3188598237,1,12,1,4,5,3
3188573021,2,11,1,3,3,3
3188547272,3,13,1,1,2,5
3188492698,2,8,1,3,3,5
3188486998,2,11,1,1,5,3
3188456928,0,15,1,3,4,5
3188447137,1,8,0,4,2,3
3188441918,2,9,1,1,2,5
3188440783,3,11,1,4,3,4
3188430835,1,12,1,3,4,5
3188419328,2,16,1,2,3,5
3188403262,3,10,0,4,4,3
3188382380,2,11,0,2,3,4
3188378957,3,8,0,2,5,4
3188374818,0,10,0,4,5,5
3188364965,0,10,0,2,3,4
3188353240,1,10,0,2,5,5
3188350799,0,14,0,2,4,5
3188350509,2,13,1,3,3,4
3188347745,3,12,1,3,3,3
3188343984,0,4,0,4,2,4
3188336680,0,2,0,2,3,2
3188326622,2,5,1,1,1,5
3188315333,1,11,1,2,3,4
3188314604,0,11,0,2,5,3
3188314566,3,1,0,2,3,3
3188312015,2,9,1,2,2,5
3188294595,0,9,0,2,3,3
3188294271,1,14,1,1,5,2
3188281231,1,12,1,2,2,3
3188280958,0,9,1,3,5,4
3188259001,0,14,0,2,4,3
3188258831,2,6,0,2,3,2
3188254096,2,13,1,1,4,5
3188252195,2,13,,,,
3188251713,0,7,1,3,1,1
3188236010,3,9,0,2,3,3
3188210079,0,7,0,2,4,3
3188209855,2,11,0,2,2,2
3188203081,3,11,0,4,2,3
3188202066,0,13,0,4,4,3
3188196224,0,10,1,3,,
3188190658,1,14,0,4,3,2
3188169844,3,13,1,4,5,5
3188167607,1,9,0,2,3,4
3188166755,2,10,0,2,3,4
3188144396,3,15,0,2,3,3
3188139621,3,4,0,4,3,3
3188138098,1,1,0,4,2,5
3188137514,3,8,1,3,,
3188136018,0,12,1,1,3,3
3188112161,3,10,0,4,5,4
3188109726,2,14,0,3,3,5
3188096185,3,14,1,2,3,5
3188093621,2,10,0,3,2,4
3188090335,3,9,0,3,3,5
3188088074,1,3,0,2,5,
3188081624,3,12,1,3,5,2
3188078084,3,11,0,3,5,4
3188076732,2,11,0,4,5,3
3188076405,3,6,0,4,1,2
3188076372,0,6,0,3,4,3
3188069383,2,9,0,4,5,5
3188069330,2,8,0,4,3,3
3188046171,3,10,1,4,5,4
3188034354,0,9,0,4,5,3
3188033448,0,4,1,3,5,5
3188031461,2,7,0,2,3,3
3188031409,3,6,0,3,2,
3188021836,1,15,0,3,4,3
3188017723,2,10,1,2,2,4
3188016770,1,6,0,3,5,4
3188014406,0,11,0,2,3,4
3188004946,2,13,1,1,5,3
3188004569,0,9,0,1,2,5
3188004350,3,12,0,3,2,3
3187988192,0,9,0,2,4,4
3187987302,3,8,0,3,1,4
3187985701,3,5,0,3,5,4
3187972798,2,10,0,1,2,4
3187969133,0,10,0,2,4,5
3187968692,3,10,1,1,5,4
3187968591,2,10,1,2,5,4
3187965708,0,12,0,4,3,5
3187965335,0,8,1,1,5,2
3187964082,0,8,1,4,4,5
3187962743,3,13,1,3,2,3
3187962326,0,10,0,1,2,5
3187960487,0,9,0,4,2,2
3187958060,3,10,1,3,3,4
3187957538,1,5,0,2,2,5
3187956801,3,12,0,1,,4
3187945764,3,13,0,3,5,4
3187932503,2,13,0,3,3,3
3187929631,1,10,1,1,5,5
3187926097,3,5,0,2,2,3
3187925524,3,12,0,4,2,2
3187924434,2,5,0,4,5,3
3187921514,2,7,0,1,1,3
3187920142,3,11,,,,
3187917406,0,7,0,3,3,5
3187911209,1,13,0,1,2,5
3187902836,3,7,0,3,5,3
3187899098,1,10,0,1,3,4
3187897400,2,5,0,3,1,3
3187890794,2,11,0,4,5,4
3187890617,0,9,0,1,2,4
3187889820,1,9,1,4,4,4
3187887117,3,10,1,3,1,3
3187883303,0,4,0,2,3,3
3187881558,3,11,1,2,3,5
3187878428,2,14,0,2,2,3
3187877202,2,8,1,2,2,4
3187876057,2,12,1,3,2,3
3187874424,3,10,0,4,3,5
3187872928,2,9,0,4,5,5
3187866473,3,5,1,3,3,3
3187855890,3,5,0,3,3,5
3187854581,1,5,0,2,3,3
3187843812,1,10,1,4,5,4
3187841207,3,10,0,3,5,2
3187836442,1,11,0,3,5,4
3187831552,0,13,1,4,5,5
3187830847,2,13,1,1,3,4
3187825218,1,5,0,2,3,5
3187823927,0,8,1,3,5,3
3187819582,3,5,0,4,3,4
3187812937,0,14,0,4,3,4
3187806441,3,13,1,2,5,4
3187805691,2,11,1,1,3,4
3187805061,2,8,,,,
3187798115,2,5,0,4,5,4
3187796440,0,10,1,2,3,4
3187792431,3,6,0,4,5,4
3187791065,1,13,0,4,4,4
3187790282,1,5,0,4,3,3
3187785573,3,9,0,1,2,3
3187785362,2,13,0,3,4,4
3187783547,0,7,1,3,5,4
3187783395,2,12,0,2,2,4
3187780830,3,9,1,3,3,5
3187779943,3,13,0,4,,4
3187778651,2,8,1,2,3,3
3187776963,0,10,0,2,2,5
3187774832,1,10,1,3,5,4
3187773706,2,7,1,4,2,4
3187766333,0,11,0,3,4,3
3187761902,0,12,0,1,4,4
3187761389,3,9,1,3,5,4
3187759503,3,8,0,3,3,4
3187753648,3,6,0,3,3,5
3187745142,3,11,0,1,2,4
3187741082,1,11,,,,
3187737593,3,8,0,4,5,5
3187731025,3,7,0,4,2,3
3187727037,1,5,0,2,4,4
3187726655,3,8,0,1,3,4
3187708990,2,11,0,1,2,3
3187699025,1,6,0,4,4,5
3187684834,3,7,1,2,5,3
3187682697,0,14,1,3,3,4
3187680151,3,1,,,,
3187679120,2,7,1,3,3,4
3187667000,2,13,0,2,1,4
3187648233,2,12,0,4,3,4
3187645388,2,14,1,4,3,3
3187641111,2,10,0,4,2,3
3187640548,0,11,0,1,1,3
3187635216,2,4,0,2,2,2
3187633528,3,10,1,3,2,2
3187632562,0,10,0,4,5,3
3187627231,3,9,0,4,1,3
3187625279,2,11,1,3,4,5
3187623950,2,11,1,3,3,3
3187588159,1,8,0,4,2,3
3187568762,2,9,0,1,3,4
3187564636,3,14,0,4,2,5
3187564265,3,12,1,3,3,4
3187555276,3,9,,,,
3187552980,3,8,0,3,1,4
3187519434,3,6,0,4,5,1
3187499747,3,25,1,2,2,2
3187452120,0,5,0,4,2,2
3187443754,1,12,,,,
3187433266,3,1,1,3,2,4
3187416333,2,10,1,3,5,5
3187415287,2,13,1,4,3,5
3187414222,1,7,1,2,3,3
3187402286,2,5,0,1,2,4
3187394011,0,5,0,1,2,3
3187393204,0,8,1,1,3,3
3187387429,3,7,1,4,3,4
3187386776,3,11,1,3,3,5
3187385612,3,5,1,1,2,5
3187381875,1,5,1,2,3,5
3187376426,3,5,0,4,2,3
3187371378,3,10,,,,
3187370573,3,10,0,4,1,3
3187356163,0,13,,,,
3187352402,0,10,,,,
3187344703,1,12,0,1,5,3
3187342311,2,5,0,2,5,3
3187341765,0,14,1,1,5,2
3187338405,0,11,1,2,3,4
3187337288,2,1,1,1,5,2
3187330099,3,10,0,4,2,3
3187327067,3,12,0,1,2,3
3187323667,2,14,1,4,3,4
3187320124,3,11,1,3,3,3
3187317627,1,6,1,3,2,4
3187315613,2,13,1,1,3,5
3187312350,0,10,0,4,5,5
3187308673,2,7,1,1,5,4
3187307460,3,13,1,1,1,3
3187305110,2,3,1,2,,
3187298065,2,6,0,3,2,3
3187297055,2,10,1,1,2,3
3187292844,3,19,0,4,1,3
3187292771,0,12,1,1,5,4
3187291731,3,10,0,4,5,5
3187291335,2,11,0,4,3,5
3187283557,0,11,1,1,5,2
3187283241,3,12,1,2,3,4
3187280944,2,7,1,3,3,4
3187280793,1,7,1,2,3,4
3187280314,2,1,,,,
3187276508,2,10,0,4,,3
3187276409,0,10,0,1,5,3
3187276346,2,12,0,4,5,5
3187272607,2,12,0,3,,4
3187272097,2,16,1,4,4,5
3187271237,1,9,,,,
3187270625,1,7,0,4,3,5
3187269854,3,5,0,4,1,3
3187268215,2,11,0,4,2,5
3187263197,3,7,0,4,2,2
3187262806,3,11,1,3,2,3
3187262530,2,15,1,1,1,4
3187262439,3,11,0,2,2,2
3187261769,2,9,0,4,3,3
3187258820,0,7,1,1,,
3187257168,3,11,1,1,5,2
3187255378,3,5,0,3,5,4
3187255143,0,11,0,4,1,4
3187254018,2,11,,,,
3187253130,3,7,1,4,4,2
3187252180,0,12,0,2,5,5
3187250342,2,9,1,2,3,4
3187249787,3,1,0,4,3,2
3187249333,1,9,0,4,2,5
3187247436,3,9,1,3,5,5
3187247270,1,8,,,,
3187246136,3,3,,,,
3187244231,0,17,0,4,5,3
3187242728,1,10,1,2,3,4
3187241094,2,9,0,1,5,2
3187236062,0,11,0,4,3,4
3187234128,0,8,0,1,4,2
3187233794,3,13,0,3,3,2
3187231978,2,10,0,3,2,4
3187225353,2,13,0,4,5,3
3187222913,2,4,1,1,2,2
3187222877,1,9,0,4,2,4
3187221878,3,6,1,1,2,3
3187221129,3,11,1,4,3,5
3187220246,1,10,1,2,2,3
3187214888,1,11,1,3,5,3
3187214811,3,12,0,2,4,5
3187214464,3,9,1,3,5,3
3187213826,0,8,1,1,5,4
3187213500,1,7,,,,
3187212040,3,9,0,4,4,4
3187208625,3,8,0,4,5,2
3187208505,2,9,0,2,2,3
3187207492,2,12,1,1,1,3
3187207017,3,8,0,2,5,4
3187205522,2,6,1,2,3,4
3187205442,0,14,1,4,3,5
3187205203,1,9,0,4,3,3
3187203394,0,12,1,3,2,3
3187203056,2,11,1,3,4,5
3187201746,1,13,0,4,4,5
3187197011,3,11,0,2,5,4
3187193221,0,10,1,4,3,3
3187192704,3,7,0,2,5,4
3187190075,2,9,1,2,5,3
3187188452,2,10,1,2,2,3
3187186806,3,12,0,4,5,3
3187186483,3,10,1,3,1,3
3187186362,3,7,,,,
3187185796,0,10,0,3,5,3
3187185057,0,11,0,4,1,4
3187184071,3,6,0,3,5,4
3187179266,2,3,1,2,3,4
3187179070,2,13,1,4,5,5
3187178989,0,9,0,4,4,4
3187176279,2,7,0,4,2,4
3187175256,3,11,0,4,1,4
3187172773,3,9,0,4,4,5
3187170973,1,12,0,1,5,3
3187167155,2,2,0,3,5,3
3187163271,1,8,,,,
3187161041,3,6,0,1,3,1
3187158362,3,9,0,4,2,3
3187157516,2,8,0,4,5,5
3187157262,3,8,0,3,4,4
3187151829,3,8,1,3,3,3
3187150324,2,9,0,4,5,4
3187149531,1,10,0,4,4,3
3187149262,0,11,0,4,3,5
3187148122,0,10,0,2,2,5
3187146634,3,10,1,1,2,5
3187146207,0,12,0,4,,5
3187140746,0,5,,,,
3187138830,1,13,1,3,5,5
3187131850,3,6,0,4,4,3
3187127945,2,13,0,4,,3
3187127929,2,10,0,4,5,3
3187125583,2,9,0,1,3,4
3187122954,0,6,1,1,3,4
3187121809,2,11,1,4,5,5
3187120939,0,8,0,2,5,4
3187119038,1,7,0,3,3,3
3187117603,3,11,0,4,3,2
3187116670,1,8,0,3,2,4
3187113599,0,5,0,3,3,4
3187113343,2,15,0,3,3,5
3187112597,0,7,0,3,5,3
3187108303,0,9,0,1,2,5
3187107564,2,6,0,4,4,3
3187103856,0,12,,,,
3187100186,3,13,1,4,5,5
3187099695,3,7,0,4,3,4
3187099195,0,10,0,4,5,5
3187096831,2,13,1,1,3,3
3187093746,2,9,1,3,1,2
3187090158,1,13,1,2,2,4
3187088952,3,12,0,3,3,3
3187086855,2,1,,,,
3187086520,2,9,1,2,5,3
3187085163,1,10,1,3,5,3
3187083223,3,7,,,,
3187081605,2,1,1,2,4,3
3187081056,1,8,1,1,3,4
3187079930,2,8,1,4,3,3
3187079433,3,4,0,4,5,4
3187078045,3,5,0,2,4,5
3187074940,0,12,0,4,3,5
3187070168,3,12,0,2,5,4
3187068366,0,6,,,,
3187068163,2,14,,,,
3187065990,2,11,1,3,3,3
3187065696,0,13,,,,
3187064654,1,11,0,3,2,5
3187062428,3,8,1,4,4,5
3187062015,1,12,0,4,,4
3187054518,3,11,0,1,4,2
3187050772,1,5,0,3,3,4
3187048412,0,13,0,1,1,2
3187047819,1,14,1,1,3,3
3187043722,3,12,0,3,5,5
3187043545,1,10,0,1,3,5
3187040711,0,9,1,1,1,3
3187037813,2,10,1,4,4,5
3187034662,2,10,1,4,4,4
3187032289,2,7,1,4,5,3
3187032135,2,8,0,3,,
3187024958,0,12,0,4,2,2
3187024835,3,12,0,4,5,3
3187018711,1,14,1,1,1,4
3187010870,3,1,1,4,2,4
3187007796,2,14,1,4,5,4
3187007626,3,9,0,3,2,5
3187006670,1,10,0,2,4,5
3187005425,1,9,1,1,2,4
3187003542,2,4,,,,
3186999386,2,11,0,2,3,4
3186997313,2,20,1,1,5,1
3186996956,1,6,1,4,5,5
3186990382,0,7,1,1,1,3
3186989065,2,11,0,1,1,1
3186988328,2,1,1,1,5,2
3186987825,1,11,1,2,1,4
3186983763,3,10,1,4,1,4
3186983617,3,18,1,3,1,2
3186975755,3,8,,,,
3186975529,3,1,1,3,4,4
3186968832,0,1,1,1,5,
3186966862,2,10,1,4,3,5
3186963208,3,10,0,3,1,4
3186961073,1,7,0,3,3,5
3186957144,2,7,1,2,2,3
3186955204,2,10,0,2,5,4
3186954750,1,8,0,3,4,4
3186950805,0,6,1,2,4,4
3186949358,1,10,1,3,5,4
3186948462,2,11,1,3,5,4
3186946040,3,7,0,1,5,4
3186940978,2,16,0,1,3,3
3186940348,3,11,1,1,5,4
3186939679,1,4,0,3,5,2
3186931092,3,11,1,1,1,3
3186926227,1,5,1,2,2,3
3186926168,1,18,0,1,4,4
3186925771,2,7,0,2,2,3
3186925549,2,3,0,2,5,3
3186924884,3,8,0,2,,
3186924586,3,10,1,2,2,3
3186924213,3,11,1,2,2,2
3186918137,2,10,1,1,4,3
3186915196,1,14,1,1,5,2
3186911067,0,5,0,3,5,3
3186910339,2,15,1,1,2,3
3186909038,2,10,1,1,1,3
3186908994,1,5,1,1,2,3
3186907645,3,15,0,1,5,3
3186907514,3,15,,,,
3186904902,2,14,0,1,5,3
3186901677,0,11,1,4,5,5
3186897689,0,17,1,1,5,3
3186890534,1,11,1,2,2,3
3186890366,3,8,1,4,2,2
3186889513,0,11,1,1,3,4
3186887571,1,12,0,4,4,5
3186887174,2,11,1,2,3,3
3186887119,2,7,0,4,4,5
3186886351,3,10,0,4,3,5
3186882590,2,12,0,3,3,5
3186880197,1,9,1,4,2,3
3186877381,0,9,1,2,5,5
3186877377,0,11,0,3,5,5
3186873176,3,11,1,2,5,5
3186872006,0,11,1,4,4,4
3186870533,2,11,,,,
3186870511,2,11,,,,
3186868594,3,12,0,1,4,3
3186866929,1,10,1,4,2,5
3186865367,2,10,1,3,4,3
3186865178,2,10,1,2,3,5
3186865098,3,11,1,3,5,5
3186864161,0,10,0,2,5,5
3186857385,1,6,1,3,4,5
3186854295,2,15,1,1,1,4
3186852559,1,10,1,3,3,4
3186851093,2,8,1,1,2,4
3186848827,3,1,,,,
3186846935,3,13,0,2,,
3186846050,3,14,1,4,2,3
3186845060,3,9,1,2,1,4
3186843584,3,13,1,3,5,4
3186841748,1,6,1,3,3,4
3186841335,0,10,1,2,3,5
3186837783,1,5,1,2,3,3
3186837253,1,8,1,3,3,5
3186835739,2,12,1,4,4,5
3186834781,0,14,1,3,3,5
3186831424,0,14,1,1,1,5
3186827493,2,11,1,3,5,3
3186826158,1,9,1,1,5,4
3186824357,3,11,1,3,1,3
3186819049,2,7,,,,
3186818883,2,8,0,3,5,5
3186818228,2,9,1,3,5,3
3186816843,0,10,1,4,3,5
3186814697,0,12,0,4,3,2
3186814559,0,13,1,4,5,5
3186809337,3,9,0,1,2,4
3186807134,1,7,0,1,2,5
3186805770,3,7,0,2,1,4
3186804485,2,8,1,1,2,3
3186802189,0,11,1,4,5,4
3186799964,0,14,0,2,5,5
3186798292,1,12,0,4,2,4
3186797336,3,8,0,4,4,5
3186791032,0,12,0,4,,4
3186789154,1,10,1,4,5,5
3186787866,3,8,1,1,3,3
3186786281,1,6,0,3,5,4
3186782840,3,11,0,4,1,3
3186782585,0,11,1,1,1,4
3186775124,1,14,0,3,5,5
3186768267,3,7,0,2,1,3
3186767108,2,9,1,1,2,5
3186763666,3,7,0,3,5,4
3186763025,0,8,0,4,5,5
3186761176,0,13,1,3,3,5
3186756428,0,14,1,1,2,5
3186756399,0,6,1,2,5,3
3186754371,2,9,1,1,2,4
3186752967,2,11,0,3,1,3
3186751827,1,12,0,1,1,4
3186740586,2,8,,,,
3186740513,0,7,0,3,2,5
3186740327,3,9,1,4,4,4
3186738718,1,10,0,3,2,5
3186736466,2,7,,,,
3186733012,3,8,0,4,5,2
3186731169,3,14,1,2,4,4
3186729131,3,1,1,1,3,4
3186727807,0,2,,,,
3186726364,2,11,0,2,5,4
3186725586,2,13,1,1,2,4
3186724406,3,7,1,2,3,4
3186721022,3,11,0,4,2,5
3186720273,3,9,1,4,5,4
3186717462,0,11,0,4,3,4
3186717280,3,13,0,3,3,5
3186716259,1,9,1,3,3,5
3186714758,1,5,0,3,3,3
3186713918,3,9,0,2,5,3
3186709539,2,12,1,3,3,5
3186709014,3,7,1,3,4,3
3186707676,0,7,1,2,3,4
3186702665,1,12,0,2,3,4
3186700838,3,1,1,3,3,5
3186700295,2,7,0,3,5,4
3186700132,3,9,1,4,5,4
3186700130,1,8,0,4,3,4
3186697491,0,5,1,3,3,4
3186697320,1,9,0,1,4,4
3186697096,3,11,0,2,5,3
3186694853,2,5,0,3,3,5
3186692069,3,8,0,4,5,3
3186690065,2,10,0,4,4,3
3186689239,2,9,,,,
3186684365,1,12,1,4,4,3
3186677333,3,9,0,2,4,4
3186676675,1,11,0,4,1,3
3186668061,1,5,,,,
3186662397,2,7,1,3,3,4
3186659663,3,12,1,1,1,4
3186652204,3,7,1,3,3,2
3186648337,0,8,0,2,1,3
3186647770,1,10,1,1,2,4
3186646075,1,11,1,4,1,3
3186646050,3,7,0,4,5,4
3186644275,3,11,0,1,5,4
3186638476,3,7,1,1,2,3
3186634622,1,13,1,3,5,4
3186633434,3,10,0,2,3,4
3186630838,3,8,1,4,3,4
3186630756,3,14,1,3,1,2
3186627159,2,10,1,1,2,3
3186626601,0,12,1,2,4,2
3186620547,2,11,1,2,5,3
3186609031,3,10,1,2,4,4
3186607571,2,14,1,2,3,4
3186607357,1,12,1,3,4,3
3186599141,0,16,1,3,3,4
3186597638,3,14,0,3,,
3186595327,3,3,1,2,2,2
3186595192,2,5,0,2,5,4
3186593823,2,14,0,4,3,3
3186592025,3,9,0,4,3,2
3186588837,2,14,1,2,3,2
3186584991,3,5,,,,
3186584022,2,1,1,4,4,3
3186583351,1,11,0,4,3,3
3186578040,0,15,0,3,3,3
3186576038,2,4,1,2,4,5
3186572641,3,9,1,3,5,5
3186571544,1,8,1,3,1,4
3186571439,3,1,1,3,5,4
3186559280,2,4,1,3,2,2
3186554991,2,13,1,3,4,5
3186547772,3,12,0,1,2,4
3186543682,3,6,,,,
3186534370,3,12,0,3,3,3
3186533467,3,10,1,2,3,5
3186531432,3,12,0,4,4,4
3186528411,1,4,0,3,5,2
3186522537,3,11,1,4,4,4
3186521129,2,6,0,4,5,5
3186518551,3,11,1,4,4,4
3186516578,3,8,0,2,5,4
3186513718,0,14,1,2,4,4
3186511696,2,8,0,1,2,3
3186507935,2,9,1,2,1,4
3186502570,3,6,,,,
3186499778,1,4,1,3,5,4
3186499368,3,9,0,1,1,4
3186496447,0,13,0,3,2,4
3186496365,3,3,,,,
3186495927,0,12,0,4,3,5
3186495431,2,9,1,1,3,4
3186494213,2,7,1,2,4,4
3186493683,2,6,0,2,3,4
3186493130,2,9,0,1,2,4
3186482495,3,7,0,4,3,3
3186481144,1,12,1,1,5,2
3186474368,1,5,0,4,5,5
3186474281,0,7,1,3,1,4
3186469506,3,9,0,1,5,3
3186469274,2,12,1,3,4,4
3186467141,3,12,1,4,4,5
3186466139,2,3,1,2,1,5
3186465862,2,7,0,2,3,3
3186464562,3,2,1,1,3,3
3186459401,1,9,1,1,5,4
3186455455,2,12,,,,
3186454667,0,10,1,1,1,4
3186447267,3,1,0,3,4,5
3186444576,0,4,1,1,5,3
3186438446,3,7,1,4,3,5
3186438331,3,12,1,3,4,3
3186438187,3,7,,,,
3186436065,3,9,0,4,,
3186436040,3,10,0,1,5,4
3186435343,0,10,0,3,3,5
3186433633,2,5,0,3,3,5
3186431610,1,9,0,1,5,3
3186429521,1,9,1,1,5,3
3186423434,1,8,,,,
3186421303,1,7,1,4,5,5
3186420567,3,11,0,4,2,3
3186418940,2,12,,,,
3186417802,3,11,1,3,5,5
3186412712,0,1,1,1,1,3
3186408171,1,8,0,3,5,3
3186401326,3,7,0,3,3,3
3186400428,0,11,0,4,5,3
3186398706,2,11,1,2,3,5
3186395303,0,1,0,1,5,3
3186389288,2,12,1,1,3,4
3186388597,3,10,1,1,3,4
3186386974,1,9,0,3,5,4
3186382743,3,9,0,3,2,4
3186378411,1,8,1,2,4,5
3186378227,1,14,1,3,4,5
3186377110,3,14,1,4,5,5
3186372384,1,9,0,3,5,5
3186364328,2,8,,,,
3186360923,3,6,0,2,3,4
3186359463,1,12,1,4,4,4
3186355397,2,9,1,3,3,4
3186345090,2,13,0,3,5,5
3186344528,2,10,1,3,5,5
3186343824,1,12,,,,
3186342992,3,7,0,3,3,5
3186339170,3,7,1,2,1,4
3186330598,2,7,1,2,5,5
3186328339,2,8,1,4,3,4
3186324500,1,13,1,4,2,3
3186321454,0,20,1,2,2,4
3186318102,0,8,1,4,2,5
3186317656,2,13,1,1,4,4
3186316672,2,10,1,2,5,5
3186314294,0,8,0,1,2,3
3186313882,0,11,1,4,5,5
3186307200,2,6,0,1,5,4
3186306508,3,11,1,2,2,4
3186303361,3,12,1,2,1,4
3186300577,2,13,0,4,2,4
3186297235,0,2,0,3,1,2
3186294785,3,11,1,3,4,3
3186293586,3,8,1,2,3,3
3186284143,3,9,1,3,3,5
3186283484,2,6,1,3,5,4
3186279126,1,7,1,4,4,4
3186272970,0,6,,,,
3186268791,3,7,0,1,2,5
3186266044,2,14,1,1,2,4
3186256496,0,6,1,3,5,3
3186253804,0,13,0,2,5,5
3186252042,1,10,0,4,3,5
3186251995,0,22,0,4,3,3
3186247244,3,9,1,1,5,3
3186246259,1,11,0,4,4,5
3186244640,0,8,1,4,3,5
3186244290,3,10,1,3,5,3
3186243177,1,12,1,4,3,5
3186241318,2,9,1,3,3,5
3186239926,0,9,1,4,5,5
3186238183,2,11,0,4,4,4
3186236705,3,1,1,3,4,5
3186234947,3,12,1,2,2,4
3186233897,3,8,0,3,5,5
3186229446,3,14,1,3,3,3
3186226070,2,9,1,2,4,3
3186225338,1,13,0,4,5,5
3186223711,2,15,0,1,3,4
3186221685,3,10,0,1,1,4
3186217900,2,8,0,4,5,5
3186217837,2,8,0,2,3,4
3186217249,3,3,0,4,3,4
3186216510,2,8,1,4,3,5
3186216365,2,5,0,4,3,3
3186212527,0,13,1,3,5,5
3186212167,2,9,1,3,5,3
3186211781,1,7,1,3,4,4
3186210445,1,8,1,3,2,5
3186209388,0,10,1,2,4,4
3186208388,3,9,0,2,2,3
3186207350,1,14,1,2,5,4
3186207048,0,9,1,2,3,3
3186204091,0,9,0,2,4,3
3186203980,0,11,1,4,1,5
3186202248,0,13,0,4,5,5
3186198419,1,4,0,1,3,5
3186198297,2,10,0,4,5,4
3186197761,1,7,1,4,5,5
3186196754,3,1,0,4,1,2
3186194021,0,10,0,4,3,5
3186192642,0,7,0,4,3,4
3186191501,2,9,0,4,2,4
3186190342,0,12,1,4,2,5
3186185127,1,7,1,4,1,4
3186184177,2,11,1,3,5,5
3186178573,1,13,0,4,5,5
3186172001,3,9,,,,
3186170580,3,10,1,2,2,2
3186168764,2,10,1,4,,4
3186166122,3,8,1,4,3,5
3186162912,3,10,1,4,3,5
3186160191,3,11,1,2,1,4
3186158987,0,10,1,1,4,3
3186157184,1,13,1,1,3,4
3186155350,0,10,1,3,5,3
3186149701,3,8,0,3,1,2
3186147489,1,16,0,1,1,3
3186145255,3,8,1,4,5,4
3186144990,0,4,0,3,1,2
3186142644,3,5,1,2,4,5
3186142492,2,9,0,2,4,5
3186141972,3,9,0,3,3,3
3186139720,2,10,1,2,5,5
3186135253,1,13,1,4,3,5
3186132221,3,11,0,4,3,4
3186131368,3,7,0,3,3,4
3186130957,1,10,0,4,5,4
3186124807,0,1,0,3,4,3
3186123034,2,7,0,3,1,2
3186122441,2,12,0,3,2,3
3186122261,2,9,0,1,2,3
3186115958,0,8,1,2,4,4
3186111498,2,5,0,2,,
3186109140,3,11,1,3,5,5
3186105721,1,12,1,4,3,4
3186104626,2,8,1,4,1,2
3186102685,3,6,0,3,4,3
3186100846,0,10,0,4,3,4
3186098826,0,9,,,,
3186096979,1,10,0,2,3,3
3186096566,0,4,1,1,5,2
3186094352,2,10,1,4,3,4
3186093609,0,14,1,1,3,4
3186088932,3,7,0,1,5,3
3186088918,0,18,,,,
3186088572,3,10,1,4,4,4
3186088331,0,9,1,4,3,5
3186080711,0,7,0,4,2,3
3186080274,3,13,1,4,4,4
3186077713,0,15,0,3,3,5
3186076956,0,7,0,4,3,4
3186076295,1,8,1,3,4,4
3186068718,1,8,1,3,4,5
3186065520,2,13,0,4,5,3
3186065158,2,14,1,4,3,3
3186065061,3,9,0,3,3,5
3186064527,2,13,,,,
3186063527,2,13,1,4,4,5
3186062654,3,12,0,2,3,3
3186061650,0,13,0,2,3,5
3186059056,1,10,0,2,5,2
3186058806,0,8,1,4,3,4
3186056432,0,10,1,4,5,4
3186056025,0,14,1,3,2,2
3186052741,2,11,1,4,4,5
3186050692,2,3,0,3,2,4
3186047428,3,7,0,2,3,3
3186045765,3,8,0,4,5,2
3186043005,1,13,0,1,1,3
3186042412,2,11,1,1,1,4
3186042250,0,11,1,4,5,5
3186041198,2,11,1,2,5,4
3186040259,1,6,,,,
3186034789,2,1,1,3,5,3
3186032013,1,14,0,4,3,4
3186031719,2,6,0,3,3,5
3186030510,0,8,,,,
3186028346,0,12,1,4,3,5
3186024298,0,12,1,3,3,5
3186024267,1,6,1,2,2,3
3186023206,2,8,1,4,3,4
3186021803,3,15,1,1,1,4
3186020286,3,11,0,3,4,4
3186017826,2,5,0,4,2,3
3186016878,0,14,1,1,,
3186015150,3,8,1,3,3,3
3186013412,3,11,1,2,1,3
3186013318,2,9,0,1,5,3
3186011928,3,12,,,,
3186011224,2,6,,,,
3186011016,3,14,1,1,2,4
3186010963,1,15,1,1,3,4
3186010812,2,9,0,4,3,5
3186010796,2,7,0,4,3,2
3186006492,3,10,,,,
3186005553,0,10,1,1,1,5
3186001686,3,12,1,4,3,4
3185999900,2,11,1,4,1,3
3185999538,3,10,,,,
3185996309,1,5,,,,
3185994098,3,12,0,2,2,4
3185990336,2,9,1,3,5,5
3185990218,3,12,1,4,1,5
3185988390,3,9,0,2,3,5
3185986395,3,12,1,3,1,3
3185986257,0,9,0,4,1,5
3185986056,3,11,0,1,1,4
3185984802,1,11,0,4,3,5
3185983832,1,11,0,3,5,3
3185982248,1,11,1,4,1,4
3185981216,0,9,0,2,3,4
3185979998,2,12,0,2,3,3
3185979527,3,14,0,3,4,4
3185978941,3,7,0,3,4,2
3185976703,3,8,0,3,1,1
3185974264,2,12,0,4,2,3
3185973645,2,11,1,4,5,3
3185973114,1,10,1,1,3,4
3185971496,3,9,0,3,2,3
3185967200,1,8,0,3,5,5
3185967030,1,14,1,4,1,1
3185965919,3,12,,,,
3185960894,2,7,0,3,4,4
3185959750,3,4,,,,
3185959362,3,8,,,,
3185958476,3,7,0,1,2,3
3185956593,1,9,0,2,4,3
3185954112,1,12,0,3,4,5
3185953724,1,5,0,3,5,3
3185953645,3,12,0,3,3,3
3185952463,2,9,1,1,2,2
3185948231,3,9,0,2,4,3
3185946664,3,5,0,3,4,3
3185946408,3,11,1,2,2,3
3185944186,3,4,0,2,1,4
3185941566,2,4,0,3,5,4
3185936230,2,15,0,2,3,5
3185934459,1,9,0,3,1,3
3185931273,0,12,0,2,3,3
3185930352,2,11,0,4,2,3
3185928663,3,11,1,3,4,3
3185927189,2,8,,,,
3185926867,1,12,1,4,5,4
3185926404,2,10,0,3,5,5
3185925490,2,7,0,3,5,2
3185922611,3,6,0,3,3,4
3185922545,3,7,1,2,2,3
3185922493,1,10,1,4,3,4
3185921957,3,1,,,,
3185920440,0,8,1,2,3,4
3185919398,3,8,,,,
3185918717,1,6,1,2,5,5
3185912855,0,8,1,2,5,4
3185911651,3,1,1,4,3,3
3185910445,2,14,1,3,4,5
3185909865,1,11,0,2,3,4
3185907396,2,1,0,4,,
3185907262,1,11,0,1,2,2
3185907101,0,13,1,2,3,4
3185906048,3,6,0,2,5,2
3185905172,1,9,1,3,2,2
3185903892,0,11,1,2,3,5
3185901019,2,1,0,2,3,5
3185899690,1,9,0,1,2,3
3185899453,1,1,1,2,5,4
3185897295,3,9,1,4,4,3
3185897082,3,14,0,2,2,5
3185893903,0,9,1,2,3,3
3185891893,1,9,1,2,3,3
3185886877,3,9,1,4,5,5
3185886163,1,11,1,1,5,5
3185884356,0,11,1,3,5,5
3185884156,0,11,,,,
3185883826,2,11,1,3,3,5
3185881428,1,10,1,2,2,4
3185881172,0,13,1,2,3,3
3185880259,3,14,1,2,2,5
3185879357,1,5,,,,
3185878081,3,10,0,4,3,5
3185876687,2,9,1,3,3,4
3185873867,0,10,0,2,3,3
3185871822,1,13,1,2,2,2
3185867322,0,13,1,2,5,4
3185863371,1,10,0,4,3,5
3185862228,1,8,0,4,5,4
3185861668,3,1,1,3,4,4
3185861612,2,10,1,3,3,4
3185860960,1,17,1,2,2,2
3185858717,1,8,0,4,5,4
3185858102,3,10,1,4,3,3
3185857482,2,7,1,4,3,5
3185855414,0,8,1,2,3,1
3185854459,3,9,0,3,4,5
3185852245,0,10,0,4,3,3
3185848420,2,5,0,4,3,3
3185848015,1,11,1,2,2,4
3185847539,0,9,1,3,4,5
3185846425,3,10,1,3,3,3
3185846288,3,16,1,2,2,3
3185844286,3,10,1,2,5,4
3185844248,0,14,0,1,5,3
3185838995,1,7,,,,
3185837970,3,14,0,2,3,3
3185836491,3,12,0,4,3,5
3185836282,1,11,0,4,5,5
3185835129,3,10,0,2,3,3
3185835077,2,9,0,3,3,5
3185833150,3,15,0,2,2,4
3185829137,1,7,0,3,5,5
3185827030,0,10,0,4,5,4
3185825832,0,15,0,4,4,5
3185824555,1,10,0,2,2,3
3185824167,0,11,1,1,2,5
3185821665,1,10,1,2,2,3
3185816477,1,10,1,3,5,4
3185816448,3,13,1,2,2,3
3185816389,0,7,0,2,4,4
3185816312,0,9,0,2,2,2
3185814347,1,8,,,,
3185813234,0,15,1,2,5,4
3185812810,0,9,1,4,5,4
3185812447,1,11,,,,
3185811829,0,7,0,2,3,5
3185810946,0,10,1,1,3,5
3185810887,3,3,1,1,5,5
3185810445,0,8,0,4,3,3
3185809812,0,8,,,,
3185809627,1,12,0,3,3,4
3185808418,3,12,0,3,5,3
3185806661,2,10,,,,
3185806258,1,13,1,1,3,3
3185803555,2,9,,,,
3185802461,1,11,0,2,3,5
3185802349,0,12,1,2,5,4
3185800437,3,8,0,2,3,4
3185798876,0,7,,,,
3185798600,3,10,0,3,3,4
3185798513,1,8,0,3,5,5
3185794575,2,8,1,1,5,4
3185794232,0,1,1,1,1,3
3185794181,1,13,0,4,5,3
3185792505,0,10,,,,
3185790887,0,4,0,4,5,5
3185789980,0,12,1,1,1,3
3185789855,0,4,1,2,3,3
3185789403,2,9,1,4,4,4
3185788072,0,6,0,4,3,4
3185787371,0,9,1,1,2,2
3185786443,2,14,1,2,1,3
3185785693,1,22,1,1,1,2
3185784730,3,12,0,3,5,4
3185784646,2,6,1,2,3,3
3185784532,2,9,0,3,5,3
3185782263,3,8,0,4,3,5
3185781559,3,11,1,3,3,5
3185780285,3,9,1,4,5,4
3185779882,0,9,1,2,3,4
3185779588,0,8,0,4,1,3
3185778078,3,8,0,4,4,5
3185777163,3,5,0,3,5,3
3185776592,0,3,1,3,2,4
3185776084,0,6,0,3,2,5
3185775791,3,7,0,3,3,5
3185773803,1,13,,,,
3185773716,2,11,0,2,1,4
3185771472,3,7,,,,
3185770872,0,12,1,2,3,5
3185769969,0,8,0,3,4,3
3185769549,3,8,0,2,5,3
3185768887,0,13,1,1,3,4
3185768723,3,6,0,3,2,3
3185767434,0,9,1,1,1,4
3185766494,2,1,0,4,3,3
3185765592,1,5,0,2,4,3
3185765560,3,16,,,,
3185765483,2,10,1,4,4,4
3185764873,1,5,0,2,3,5
3185762985,3,15,1,4,1,4
3185762548,2,10,1,1,3,3
3185761410,0,8,0,4,5,3
3185761024,3,8,,,,
3185760319,0,3,1,1,5,2
3185759075,1,10,0,4,2,3
3185756061,3,7,0,2,4,3
3185753406,1,6,0,4,5,5
3185749764,0,11,1,4,1,2
3185749700,0,11,1,4,5,5
3185747596,0,13,1,4,5,3
3185747195,3,8,0,4,2,2
3185745440,3,12,1,2,2,3
3185745291,3,4,0,3,2,3
3185744410,1,12,1,4,3,3
3185743786,0,13,0,4,5,3
3185743642,0,11,,,,
3185741580,0,9,0,4,3,5
3185738698,0,8,0,4,3,3
3185738396,1,9,0,4,5,5
3185738227,3,5,0,2,5,5
3185738060,0,13,1,3,5,4
3185736942,2,6,0,4,3,5
3185734322,0,9,1,1,2,4
3185734161,1,10,0,4,3,3
3185734058,0,10,1,3,3,4
3185732878,2,9,1,4,2,2
3185730867,0,10,1,3,3,4
3185726462,1,10,1,3,5,4
3185722812,3,1,1,3,5,3
3185718153,2,15,1,3,4,5
3185715065,3,11,0,3,4,5
3185714061,2,5,0,3,3,5
3185713758,1,13,1,2,2,5
3185713592,0,11,1,2,3,5
3185713493,1,8,0,4,4,3
3185710500,0,6,0,2,3,3
3185709023,0,9,1,1,4,3
3185708971,1,10,1,2,2,2
3185706769,1,8,,,,
3185704185,1,12,1,1,5,3
3185702866,3,14,0,3,2,2
3185701971,0,12,0,4,5,3
3185701226,0,7,1,4,5,4
3185695644,0,14,1,4,2,4
3185695527,0,10,1,4,4,4
3185694124,2,11,1,1,2,5
3185693669,1,1,0,2,5,3
3185692567,0,9,,,,
3185691511,1,8,1,2,3,3
3185691428,3,11,1,1,3,5
3185684996,0,16,1,1,3,3
3185684524,3,7,0,3,4,4
3185682624,3,4,0,2,3,5
3185681739,0,11,0,4,3,4
3185677100,3,12,0,4,2,2
3185676626,2,15,1,4,2,3
3185675540,3,12,1,1,1,2
3185673969,0,6,1,4,1,2
3185670038,0,14,,,,
3185666343,0,18,1,3,2,3
3185661999,0,10,1,1,5,2
3185660644,0,13,1,1,2,4
3185658742,2,10,,,,
3185658466,2,13,1,2,5,3
3185657654,1,10,1,4,,4
3185654097,1,14,0,3,1,5
3185653121,1,11,1,3,3,4
3185652437,2,13,0,1,3,4
3185651361,0,9,1,1,2,4
3185647146,0,12,1,4,3,5
3185645004,2,12,0,4,5,5
3185644043,1,7,1,4,5,5
3185643465,2,12,1,3,2,4
3185641930,1,8,,,,
3185640670,3,8,0,2,2,3
3185640377,2,10,,,,
3185638318,1,7,,,,
3185638251,2,13,0,1,1,3
3185637028,0,8,1,3,3,3
3185635904,0,10,1,1,2,3
3185635321,0,16,0,1,5,2
3185633513,2,7,0,3,3,4
3185633289,1,6,,,,
3185631560,3,9,1,3,5,5
3185631554,1,13,0,1,5,4
3185630132,0,12,0,3,2,3
3185629541,2,7,0,3,3,4
3185629312,0,12,0,4,3,3
3185627664,1,12,1,3,3,3
3185625647,3,9,0,3,3,3
3185625000,2,7,0,4,4,3
3185624444,1,12,1,4,4,5
3185623858,0,12,1,3,4,4
3185621684,1,8,0,2,3,4
3185621320,0,9,0,1,1,5
3185620510,1,11,1,4,3,5
3185618424,2,7,,,,
3185617494,0,7,1,4,3,3
3185616594,3,10,1,1,1,3
3185615951,3,9,0,3,5,4
3185613267,2,9,,,,
3185611736,0,8,,,,
3185611707,0,6,,,,
3185609399,3,11,,,,
3185607517,2,11,0,3,4,5
3185606352,2,18,0,1,5,4
3185604570,2,10,0,3,3,2
3185604280,2,1,0,1,,
3185604125,2,7,0,3,5,5
3185603461,0,7,0,1,4,3
3185601825,0,12,1,3,4,5
3185601701,0,10,0,3,3,5
3185600394,2,11,,,,
3185600254,0,5,1,3,4,3
3185599292,0,16,0,1,5,4
3185599039,1,10,1,3,5,5
3185597129,2,5,1,2,2,2
3185590743,2,8,,,,
3185589118,2,10,0,4,4,5
3185585887,0,6,0,3,4,3
3185582860,0,5,0,2,4,5
3185582405,1,14,,,,
3185582083,0,9,0,3,1,4
3185582062,0,5,0,1,4,4
3185579828,1,13,0,1,2,4
3185578307,0,6,1,4,3,4
3185575521,0,11,1,4,3,5
3185572454,1,7,1,3,4,3
3185570868,2,10,1,3,4,5
3185570355,1,11,1,3,1,4
3185567442,0,14,1,1,2,3
3185567439,0,8,0,1,3,4
3185566217,2,2,1,1,2,3
3185562760,2,7,,,,
3185562428,0,13,0,3,5,3
3185562307,2,8,0,2,2,4
3185561917,0,13,0,2,3,4
3185560472,0,11,0,2,5,5
3185559924,2,13,1,3,4,4
3185559190,3,9,1,1,4,4
3185559158,2,13,0,2,1,3
3185557594,1,11,0,1,5,4
3185556727,0,14,1,3,5,4
3185554946,3,8,1,3,5,3
3185549879,3,7,0,3,4,4
3185549763,3,13,1,1,1,3
3185549197,0,11,0,2,5,5
3185548334,3,11,0,1,3,5
3185547633,0,8,0,2,2,4
3185547189,0,8,1,3,5,4
3185546707,1,11,0,3,5,4
3185545961,3,9,0,2,5,3
3185542785,3,7,0,3,3,1
3185541187,1,9,0,1,1,3
3185539562,0,9,0,1,3,3
3185539336,0,9,0,4,3,3
3185538342,1,1,0,4,2,2
3185537370,2,5,1,3,,3
3185536340,1,7,0,3,3,3
3185534814,0,5,1,2,2,5
3185534487,0,11,1,4,4,4
3185533328,1,10,1,3,5,5
3185531949,0,19,0,1,3,4
3185531200,0,6,1,3,4,5
3185528706,2,14,0,3,3,4
3185527107,1,6,,,,
3185526585,2,11,1,1,1,4
3185525966,0,10,0,3,3,4
3185521274,0,10,0,2,4,4
3185520303,0,7,1,1,3,4
3185518917,3,7,0,3,3,3
3185518898,3,7,0,2,5,4
3185517725,0,13,0,3,4,5
3185514718,0,5,0,3,3,4
3185513796,2,8,0,3,5,3
3185512088,0,7,1,3,3,4
3185511609,2,5,1,3,3,4
3185511216,0,15,0,2,5,4
3185510186,0,11,0,1,3,4
3185507065,0,11,0,4,3,3
3185506946,1,6,0,3,2,4
3185506058,0,13,1,3,2,3
3185503464,2,7,0,2,2,3
3185503134,3,9,0,3,2,4
3185502716,3,12,0,2,5,5
3185501826,0,10,0,2,3,4
3185501600,3,6,0,3,5,4
3185501550,1,11,1,4,4,3
3185499215,0,10,0,3,5,3
3185496505,3,12,0,2,2,5
3185492326,2,9,0,3,5,4
3185489739,0,6,0,3,3,3
3185485043,0,9,,,,
3185484461,0,6,,,,
3185483716,1,10,1,4,5,5
3185483218,3,8,1,4,3,4
3185482451,1,10,0,4,4,5
3185480144,0,7,0,3,1,4
3185477239,0,9,0,1,2,4
3185476245,0,4,1,3,3,4
3185472037,3,10,1,3,5,3
3185471489,2,5,1,3,3,3
3185470178,0,12,0,4,3,3
3185469937,1,11,1,2,5,4
3185468559,2,12,1,2,2,5
3185465510,2,12,0,3,1,2
3185464969,0,10,0,3,5,4
3185462346,0,6,0,2,3,5
3185460277,0,7,0,3,3,4
3185459925,0,7,0,1,2,4
3185459069,0,4,1,4,2,2
3185456493,0,11,0,2,3,5
3185454085,0,12,1,4,2,3
3185452141,1,11,1,2,4,2
3185449717,0,10,,,,
3185448545,0,17,0,1,1,4
3185448442,1,13,0,2,2,3
3185443402,0,1,0,2,3,3
3185443381,3,6,0,4,4,5
3185440537,0,9,1,1,5,4
3185437458,1,17,,,,
3185436413,2,9,0,3,3,4
3185434280,2,13,0,1,2,5
3185433312,0,12,1,3,3,3
3185433224,3,9,0,3,5,4
3185431102,2,7,0,2,5,4
3185430012,1,16,1,3,3,3
3185426581,3,7,,,,
3185426579,0,15,1,4,5,4
3185425436,1,10,1,2,3,4
3185420792,0,9,0,1,5,4
3185413883,0,11,,,,
3185411226,2,7,0,4,1,3
3185409377,0,7,1,3,5,3
3185407582,0,1,0,1,,
3185406303,2,9,0,3,3,4
3185403687,0,7,1,3,3,3
3185399840,0,15,0,3,5,4
3185399644,1,13,0,3,3,2
3185399641,0,14,,,,
3185395265,3,4,0,2,1,5
3185391682,0,13,0,2,4,5
3185387843,2,12,1,4,5,3
3185387700,0,12,1,3,4,3
3185386455,0,10,0,3,3,5
3185386318,3,6,1,4,2,3
3185383399,0,11,,,,
3185380713,0,8,0,3,3,5
3185366358,1,13,0,3,5,4
3185365675,1,8,1,3,3,4
3185364933,1,9,0,2,4,4
3185359370,1,12,0,3,3,3
3185357373,0,15,,,,
3185355456,1,7,1,3,3,3
3185354733,3,6,0,3,2,3
3185354129,1,8,1,1,5,3
3185352987,1,8,0,3,2,2
3185328015,0,12,1,3,5,4
3185326496,2,8,0,3,2,3
3185323681,0,10,1,2,1,3
3185315140,0,10,1,2,2,3
3185314195,0,13,0,3,1,3
3185312511,1,8,0,2,3,3
3185311552,0,14,0,3,4,5
3185311311,0,5,1,2,4,5
3185310804,0,8,0,2,3,4
3185305099,1,9,1,3,3,4
3185304976,0,1,0,3,2,5
3185227428,0,9,1,2,3,2
3185218489,1,7,1,1,3,2
3185205316,0,9,0,3,1,3
3185201294,2,10,1,4,2,4
3185165935,3,13,1,1,5,2
3185165254,0,11,0,4,3,4
3185154381,2,10,1,1,1,5
3185154074,0,12,1,2,5,3
3185147526,0,11,1,2,2,3
3185144755,3,1,,,,
3185137442,0,10,0,3,3,3
3185136936,2,4,,,,
3185136605,3,7,0,3,3,4
3185136209,0,12,1,3,4,2
3185134051,0,5,1,2,1,3
3185129419,3,10,1,3,1,3
3185129122,0,15,0,1,3,3
3185128992,1,10,1,2,2,3
3185123124,0,11,1,2,5,4
3185121762,2,6,0,3,2,5
3185121239,0,10,1,4,2,4
3185117133,0,6,1,2,1,1
3185116005,0,16,0,4,3,5
3185106644,2,2,,,,
3185100480,0,7,1,2,5,5
3185099766,0,15,1,2,2,4
3185097294,2,13,1,2,1,2
3185096283,1,8,0,2,3,3
3185090285,0,3,1,4,5,5
3185088061,0,6,1,2,2,3
3185085012,0,14,1,3,3,3
3185084254,0,11,1,3,5,5
3185084094,0,13,1,2,2,5
3185083634,2,5,0,1,5,2
3185081553,2,14,0,3,3,3
3185075984,0,4,0,2,5,5
3185072410,2,8,,,,
3185071881,2,5,,,,
3185070040,0,5,1,4,5,4
3185068513,2,5,0,2,5,3
3185068217,2,6,,,,
3185068091,2,6,0,4,2,5
3185066476,1,10,1,2,3,3
3185066026,3,7,,,,
3185064938,1,5,0,4,4,3
3185064753,0,7,0,4,2,4
3185062400,0,10,1,3,5,3
3185062034,0,8,,,,
3185060479,0,12,1,2,2,3
3185060438,2,4,0,2,2,3
3185054323,2,12,1,4,5,5
3185054322,1,11,1,3,3,4
3185054229,0,12,0,2,3,3
3185051724,0,15,1,4,5,5
3185050548,3,6,0,3,1,3
3185050302,0,9,1,3,,5
3185047508,0,7,1,4,3,3
3185046785,2,1,0,3,1,2
3185043928,0,6,1,3,1,5
3185043158,3,9,1,3,3,3
3185041431,0,14,1,2,2,3
3185040951,1,10,,,,
3185040032,0,11,0,4,3,5
3185039229,0,9,1,2,5,4
3185034612,2,14,0,2,3,5
3185033742,2,3,1,3,1,3
3185033127,3,13,1,3,3,5
3185032857,2,8,1,4,5,5
3185032699,2,10,1,1,3,4
3185032469,3,6,0,3,1,3
3185032170,2,12,0,2,5,2
3185031373,2,10,0,3,5,3
3185031220,0,14,1,4,3,5
3185030944,1,4,0,2,5,3
3185030608,0,4,1,2,3,2
3185026739,0,1,1,3,1,2
3185025763,2,5,0,2,3,3
3185025730,2,12,1,4,5,5
3185023008,1,11,1,1,5,2
3185021063,3,13,1,3,5,5
3185020382,2,10,1,4,3,5
3185019827,3,5,0,3,2,1
3185017226,3,8,0,3,1,3
3185017201,0,5,1,4,4,5
3185014448,3,1,,,,
3185013658,0,3,0,4,5,4
3185011670,1,6,1,3,3,2
3185011627,3,8,0,3,4,3
3185011044,1,8,1,4,2,4
3185010781,0,10,1,4,5,5
3185010269,3,11,0,2,1,3
3185009852,0,9,0,1,5,3
3185009531,0,3,,,,
3185009473,0,12,1,4,4,3
3185008647,0,11,0,2,3,3
3185008035,0,11,0,2,3,3
3185007630,0,12,1,4,3,5
3185007344,0,12,1,3,3,3
3185007142,1,5,1,3,5,3
3185005044,3,12,0,3,2,5
3185004482,0,8,1,4,5,5
3185003402,2,5,1,2,4,5
3185003366,1,6,1,2,4,4
3185003158,1,2,1,2,2,2
3185001306,3,11,0,4,5,5
3184999388,0,14,1,4,4,3
3184996803,3,11,1,1,1,3
3184996099,2,6,0,3,3,4
3184995150,0,6,1,4,4,4
3184995011,1,11,1,3,5,5
3184993916,3,10,1,3,5,4
3184990901,1,5,1,1,5,4
3184989742,0,9,1,3,3,3
3184988986,1,4,0,3,1,2
3184988346,2,13,0,4,2,5
3184988153,0,9,1,2,2,4
3184987391,3,13,1,3,1,4
3184987109,0,13,1,3,5,2
3184984117,3,6,1,1,3,2
3184982915,0,8,0,2,5,5
3184982725,0,11,1,3,5,5
3184982403,3,7,0,4,4,3
3184981447,1,13,0,4,5,5
3184981074,0,9,0,2,1,4
3184979770,1,6,,,,
3184979416,0,12,1,3,4,4
3184978470,0,20,0,1,1,3
3184978064,3,13,1,1,4,5
3184977302,0,7,0,4,1,5
3184976864,2,10,0,4,4,4
3184975991,0,15,0,4,2,4
3184974717,0,15,,,,
3184974642,0,17,1,1,1,3
3184973260,0,14,1,3,5,5
3184972822,3,1,1,1,1,1
3184971662,0,10,1,2,5,4
3184971464,1,13,1,2,2,4
3184971425,0,8,1,4,1,5
3184971267,1,6,,,,
3184970745,1,17,1,1,5,2
3184970735,0,15,,,,
3184970155,0,7,1,3,4,4
3184969347,3,7,1,2,5,3
3184968702,0,9,0,4,2,5
3184967903,1,14,1,2,1,2
3184967159,3,9,1,2,3,3
3184966239,3,8,1,1,2,3
3184964814,0,8,1,1,2,5
3184963796,1,9,,,,
3184962521,0,13,1,1,2,3
3184962009,0,7,1,1,5,3
3184960480,3,6,0,3,3,3
3184960059,0,7,1,1,5,4
3184958828,1,10,1,1,3,3
3184957849,0,8,,,,
3184956515,0,11,1,1,1,3
3184955614,0,5,1,2,5,5
3184955439,0,7,1,3,5,4
3184955352,3,12,1,2,5,5
3184953214,2,4,,,,
3184951536,2,1,1,3,5,5
3184951427,1,4,,,,
3184950318,0,5,0,3,3,2
3184949536,3,12,1,3,4,2
3184949516,2,13,1,4,3,5
3184949243,0,7,1,1,5,3
3184947980,0,12,1,1,3,4
3184947847,0,12,,,,
3184947556,0,14,1,4,4,4
3184947381,0,9,0,4,2,3
3184946687,0,15,1,2,3,4
3184946558,2,14,1,4,4,5
3184946307,3,7,1,2,3,3
3184944026,2,13,1,3,4,4
3184943368,1,4,0,2,3,5
3184943000,1,15,1,2,2,5
3184942560,0,3,0,1,1,3
3184942160,2,7,1,1,5,3
3184942082,1,15,1,3,4,4
3184941987,1,11,,,,
3184940950,3,10,1,1,5,3
3184940878,0,12,1,3,2,4
3184940340,0,7,1,2,1,4
3184937724,1,7,0,3,3,3
3184937554,0,6,0,1,1,3
3184937509,2,7,0,2,4,4
3184937041,1,10,0,2,2,3
3184936327,0,12,0,1,5,2
3184936309,0,10,1,4,2,5
3184936289,0,6,0,4,4,4
3184936014,0,12,1,1,5,4
3184933604,3,8,0,1,1,4
3184933194,0,10,,,,
3184929585,2,12,1,2,3,3
3184929412,1,11,0,3,5,5
3184928272,1,11,0,2,2,3
3184924300,2,11,0,4,3,2
3184923158,0,9,,,,
3184922549,3,11,1,4,3,4
3184921215,2,1,1,1,2,2
3184920407,0,12,1,3,4,4
3184920178,3,12,0,2,3,3
3184919001,0,15,0,2,1,4
3184918443,2,11,0,1,3,2
3184918276,1,7,0,1,4,3
3184915920,0,8,1,4,4,5
3184915766,2,11,0,4,3,3
3184914378,1,6,1,4,3,5
3184912339,2,13,0,3,4,3
3184911959,1,6,,,,
3184911647,1,7,0,2,2,3
3184910862,0,10,1,4,2,2
3184910623,0,9,0,3,1,4
3184910474,0,9,0,4,3,3
3184910273,3,13,0,3,5,5
3184909014,0,11,1,1,5,3
3184908254,0,16,1,4,1,3
3184907098,3,12,1,3,5,5
3184906931,1,13,,,,
3184906276,0,10,0,3,5,4
3184904159,1,13,1,2,2,3
3184903551,1,13,0,1,5,3
3184903532,3,1,1,3,3,2
3184902091,1,1,0,4,5,4
3184901651,2,6,1,4,3,3
3184901449,0,7,0,4,2,3
3184901279,0,8,0,2,2,5
3184901085,2,9,0,4,5,5
3184899674,2,11,0,1,2,2
3184899415,1,11,0,4,4,5
3184898985,1,10,1,1,2,4
3184898644,0,13,0,4,3,5
3184898422,0,11,0,1,3,4
3184897287,3,8,0,1,3,4
3184896960,2,10,0,1,4,4
3184895316,2,7,0,3,3,3
3184894593,2,13,,,,
3184894423,0,7,1,3,2,2
3184889801,0,15,,,,
3184889261,1,8,0,1,3,3
3184889073,1,10,1,4,3,3
3184888928,0,12,0,1,1,3
3184886079,1,12,0,1,1,4
3184885969,1,4,0,2,3,3
3184885125,2,9,1,3,3,5
3184883729,2,12,1,4,4,3
3184882718,0,15,0,4,3,4
3184881360,3,9,1,2,1,3
3184881338,1,6,,,,
3184880503,0,7,,,,
3184879798,1,12,1,4,5,5
3184879723,2,7,0,1,5,3
3184877604,1,8,0,2,3,3
3184876130,2,10,1,1,3,4
3184876092,3,7,0,1,2,3
3184872868,1,8,0,4,3,4
3184872119,0,11,0,3,5,5
3184871511,2,5,0,2,5,3
3184870383,2,11,0,4,5,2
3184870014,3,7,0,3,3,2
3184868834,0,9,0,4,5,5
3184868109,0,13,1,4,4,5
3184866463,1,3,0,4,3,3
3184863839,1,8,1,4,3,4
3184861972,2,6,0,1,1,3
3184859314,1,10,0,2,2,5
3184858614,1,3,0,3,2,3
3184858152,0,12,0,3,3,3
3184856888,2,13,0,4,1,2
3184856859,0,14,0,1,3,5
3184856498,0,7,1,1,5,4
3184856313,0,15,0,2,4,5
3184855156,0,14,1,1,3,2
3184854904,0,9,0,2,5,4
3184854221,0,12,0,3,5,5
3184854057,3,7,0,1,5,3
3184853505,0,10,1,1,4,3
3184853020,0,10,0,4,2,5
3184850354,2,1,1,2,5,4
3184850346,0,4,1,2,1,3
3184849300,3,6,0,2,4,3
3184849203,0,12,0,4,1,5
3184849085,1,17,0,4,1,4
3184848746,1,7,1,2,1,3
3184848354,3,11,0,1,4,4
3184848065,0,9,0,4,,5
3184847860,0,13,1,1,2,3
3184847630,0,6,1,1,1,3
3184847338,0,11,0,1,1,2
3184847259,2,8,1,3,4,4
3184846035,1,9,0,4,5,5
3184844254,1,8,0,2,3,3
3184843148,0,15,1,1,5,4
3184843008,1,2,0,3,5,4
3184839424,1,7,,,,
3184839386,0,17,,,,
3184837800,1,11,0,3,5,4
3184837211,1,11,1,3,5,4
3184837107,2,13,1,1,3,4
3184836763,1,15,1,1,5,3
3184836701,0,13,0,2,2,5
3184835893,0,14,1,4,4,3
3184835100,0,10,0,4,3,4
3184835032,2,8,,,,
3184834965,2,11,1,2,4,5
3184833883,0,9,1,4,3,5
3184833322,0,8,0,4,5,3
3184832718,3,15,0,2,2,2
3184832245,0,12,0,1,3,4
3184830408,0,5,1,1,2,3
3184827144,1,12,1,4,2,5
3184826852,3,6,1,3,3,5
3184825019,1,10,0,1,5,5
3184823928,0,12,0,4,2,4
3184823496,2,5,0,2,2,3
3184823365,0,6,1,2,2,2
3184822919,2,12,1,3,2,5
3184822619,0,11,1,2,4,5
3184821771,0,10,0,2,1,3
3184821438,2,8,1,1,1,4
3184820725,1,9,1,1,2,4
3184820539,0,9,1,1,1,5
3184820522,0,12,,,,
3184817430,0,13,1,1,3,3
3184816110,0,11,1,1,1,1
3184815971,1,10,0,3,4,4
3184815378,0,11,0,4,3,2
3184815227,3,10,0,4,3,4
3184814774,2,10,1,3,2,5
3184812688,2,18,0,1,4,3
3184812043,2,16,0,1,5,3
3184810006,1,11,1,1,2,3
3184808505,0,11,1,3,5,5
3184806633,0,9,,,,
3184805452,0,11,0,4,3,5
3184805424,2,9,0,2,3,5
3184804877,0,7,0,3,1,5
3184804440,0,12,1,1,2,4
3184802139,2,9,,,,
3184801293,0,15,1,3,3,4
3184800727,1,10,1,1,2,3
3184796563,2,12,1,3,5,3
3184795096,0,9,1,1,3,5
3184792810,0,6,0,3,5,5
3184792562,1,8,1,1,,
3184790671,2,8,1,2,3,3
3184790022,0,8,0,4,3,5
3184788822,2,10,1,4,5,5
3184788747,0,4,0,2,2,5
3184788358,0,20,,,,
3184787430,2,13,0,2,2,5
3184785905,3,12,0,1,2,4
3184782431,0,12,0,4,4,5
3184780847,3,9,1,3,2,4
3184779249,1,7,0,3,5,4
3184779076,1,10,1,1,1,4
3184777829,0,9,1,3,5,5
3184776880,0,14,1,1,2,3
3184774507,3,11,1,3,5,4
3184771845,2,8,0,1,4,3
3184769161,0,10,1,3,3,3
3184768990,3,9,1,1,5,3
3184768634,0,11,0,2,2,3
3184768632,2,14,1,1,1,
3184768618,3,1,0,2,5,5
3184767653,0,14,,,,
3184767393,2,14,0,1,4,2
3184765735,0,8,1,2,2,3
3184765302,2,13,,,,
3184763656,0,13,1,2,4,4
3184763376,1,7,1,3,3,4
3184763041,2,1,0,2,2,2
3184762684,2,1,0,3,5,2
3184761901,0,4,0,3,2,3
3184761261,2,10,1,4,2,5
3184758319,2,7,1,2,5,4
3184758156,1,9,0,1,5,3
3184755482,0,12,,,,
3184754234,0,4,0,3,5,2
3184753985,0,9,0,4,2,2
3184753158,2,11,1,3,3,5
3184752872,2,6,0,3,4,5
3184751845,2,12,0,1,3,4
3184751092,1,10,0,2,2,4
3184750694,0,8,,,,
3184750049,3,11,1,1,2,4
3184749934,2,7,1,4,4,3
3184749576,2,11,0,1,5,2
3184749187,0,7,1,3,5,4
3184748543,3,12,1,3,5,4
3184748309,2,8,0,1,4,2
3184747884,2,13,0,4,5,5
3184745472,0,13,1,4,5,5
3184745403,0,17,1,1,1,4
3184744255,0,5,1,4,2,3
3184744051,3,13,0,1,3,5
3184743902,0,8,1,2,2,3
3184743617,3,11,0,3,4,3
3184743138,2,11,1,3,3,3
3184741989,3,12,0,2,4,4
3184741768,3,7,1,2,4,5
3184740956,0,6,0,4,5,3
3184740931,3,11,0,4,4,4
3184740549,3,4,0,2,2,3
3184740289,0,16,1,3,4,5
3184739190,0,10,0,4,4,2
3184738716,1,8,0,4,3,3
3184738598,0,7,0,4,5,2
3184738357,0,10,1,4,3,
3184738164,0,7,1,2,4,5
3184738002,3,3,,,,
3184737633,0,13,0,4,3,5
3184736409,2,9,1,4,3,4
3184736171,0,16,,,,
3184734200,0,14,0,4,3,5
3184732283,0,20,0,2,3,3
3184732027,0,9,0,4,3,5
3184731982,0,5,1,2,3,5
3184729784,2,10,1,4,3,4
3184729738,0,8,1,2,3,4
3184729067,3,9,0,3,5,3
3184728579,2,15,1,3,1,4
3184728450,1,12,1,4,5,4
3184727584,2,15,,,,
3184726651,0,12,1,4,3,4
3184725957,2,15,,,,
3184725053,1,12,0,1,2,3
3184724756,1,5,1,4,3,3
3184724662,0,8,0,1,5,3
3184723928,0,13,1,4,4,3
3184723806,1,10,0,1,5,3
3184723013,0,12,0,1,3,4
3184721706,0,2,,,,
3184721317,2,7,1,4,5,5
3184721078,0,5,0,1,2,5
3184720588,2,9,1,2,5,5
3184715296,0,13,0,1,2,3
3184715270,0,13,0,1,3,3
3184715138,1,7,0,3,3,5
3184713315,2,9,0,3,5,5
3184713146,3,8,0,2,3,4
3184712410,0,10,0,4,5,5
3184709286,0,8,0,4,2,3
3184709089,0,12,0,4,5,5
3184709069,2,20,1,1,5,1
3184708973,2,10,0,2,5,4
3184704175,0,6,0,3,5,5
3184703416,0,9,,,,
3184703088,0,8,1,1,2,4
3184701320,0,1,1,2,2,4
3184700398,3,14,1,1,1,3
3184700058,1,12,0,4,3,5
3184699655,1,13,1,1,5,2
3184699377,0,11,1,1,1,4
3184697101,1,10,0,2,3,3
3184696299,0,5,1,2,2,3
3184695620,0,10,0,2,5,3
3184692715,0,9,0,2,3,5
3184692357,3,5,0,4,2,2
3184690497,0,6,1,2,3,5
3184688943,0,10,0,2,5,3
3184688557,2,12,1,4,3,3
3184685624,3,9,0,1,1,3
3184684736,3,11,1,3,4,4
3184683704,2,8,0,3,5,3
3184683636,3,1,1,2,2,3
3184683541,0,11,1,3,2,3
3184683054,1,8,1,1,1,4
3184682401,0,11,1,3,2,5
3184681062,1,12,,,,
3184680125,1,9,0,4,2,4
3184680012,0,9,0,4,4,5
3184679660,0,12,1,1,2,3
3184677876,2,8,,,,
3184677320,1,8,,,,
3184676971,0,10,1,4,3,5
3184675984,3,11,0,1,3,3
3184675786,1,13,1,4,4,5
3184674248,3,4,0,4,3,3
3184672363,0,9,0,4,4,5
3184672302,0,12,1,3,2,4
3184671689,0,8,0,4,3,5
3184671301,0,8,0,2,2,2
3184671093,0,11,1,2,3,3
3184670535,2,11,1,4,4,5
3184669732,2,15,1,4,3,3
3184669147,0,13,,,,
3184669041,1,6,0,2,5,5
3184668995,0,15,1,1,1,3
3184668759,0,9,,,,
3184668282,2,11,1,3,3,5
3184665400,3,1,1,1,1,
3184663887,2,9,0,1,3,2
3184663598,0,12,0,4,3,5
3184662386,1,18,0,1,3,3
3184662017,0,14,0,2,2,3
3184661930,0,7,0,3,2,5
3184661135,0,8,1,1,5,3
3184660949,2,7,0,2,4,5
3184660701,0,9,0,4,5,5
3184657705,0,12,1,3,5,4
3184653663,3,12,0,1,4,3
3184651028,0,7,1,2,2,4
3184650870,0,12,1,2,2,5
3184650503,2,9,0,2,5,3
3184648407,0,8,1,4,2,5
3184647451,3,7,0,1,2,3
3184647444,1,6,1,2,4,4
3184646727,2,8,1,1,1,4
3184645601,0,12,1,2,5,5
3184644887,2,6,,,,
3184644707,0,12,0,4,3,3
3184641771,0,14,0,4,2,2
3184641165,2,9,1,1,3,4
3184639052,3,7,0,3,3,3
3184638962,2,6,1,3,5,4
3184638654,0,9,,,,
3184638183,0,11,1,3,5,4
3184637317,0,9,0,4,3,5
3184637166,0,11,1,4,4,5
3184637015,0,5,,,,
3184636640,1,12,,,,
3184635824,0,3,0,3,5,1
3184635611,2,10,0,1,5,2
3184635171,0,12,1,4,5,5
3184634932,0,15,1,1,3,2
3184634329,0,12,0,4,3,4
3184632742,0,13,1,2,2,3
3184631573,3,12,0,4,5,3
3184631404,2,6,0,4,3,5
3184631055,0,14,0,4,5,4
3184630966,0,6,1,2,5,3
3184629970,0,4,1,3,,
3184629817,0,12,1,3,3,4
3184628731,0,5,0,3,5,5
3184628397,1,9,1,4,3,4
3184627871,0,10,0,1,5,4
3184627248,3,8,1,4,2,5
3184626873,2,8,0,1,5,2
3184626398,3,7,0,3,3,4
3184623891,2,15,1,2,2,5
3184621230,2,5,1,2,2,4
3184619682,2,9,1,4,4,4
3184618176,3,9,0,2,4,5
3184615403,1,8,0,2,3,3
3184613203,2,9,0,4,1,3
3184612987,0,5,1,2,1,3
3184612286,2,7,1,4,3,4
3184611875,0,16,0,4,3,5
3184611625,3,1,0,4,2,3
3184610742,3,9,1,4,3,5
3184609361,0,9,0,3,3,5
3184608949,0,13,1,1,5,2
3184607946,2,14,0,4,5,5
3184607754,2,7,0,4,5,5
3184606700,3,10,1,3,5,5
3184606598,2,3,1,2,3,5
3184604362,2,8,0,4,5,5
3184604261,2,12,0,2,1,3
3184602032,0,15,1,2,3,4
3184601195,0,13,0,2,4,4
3184600982,3,7,1,3,3,5
3184600187,0,7,1,2,4,5
3184599856,0,10,0,2,3,5
3184598268,2,10,0,3,5,4
3184596340,1,9,0,3,4,5
3184595046,0,12,1,4,4,4
3184594307,3,7,0,3,5,3
3184592521,3,12,1,4,3,5
3184592473,1,12,1,1,2,2
3184590867,3,13,0,2,4,3
3184590252,0,12,0,1,3,4
3184589466,0,13,,,,
3184588559,0,18,1,1,3,3
3184587446,0,11,,,,
3184587443,0,12,1,4,5,5
3184586312,0,15,1,2,2,5
3184586114,2,14,1,2,2,1
3184586006,1,11,,,,
3184585678,1,11,,,,
3184585274,0,14,0,3,1,2
3184584943,0,18,1,1,5,3
3184582538,0,6,0,3,5,2
3184580758,0,11,0,3,3,5
3184580721,1,10,,,,
3184580304,0,7,1,4,1,4
3184579348,2,14,1,4,3,3
3184578532,0,10,0,4,5,3
3184576306,0,7,0,2,5,3
3184576049,2,8,0,4,5,5
3184575749,0,15,1,1,5,3
3184575502,2,9,0,1,5,2
3184574414,0,10,1,2,3,3
3184569528,2,12,0,1,4,4
3184569081,1,16,1,2,2,4
3184568822,0,13,1,2,3,4
3184568391,0,10,0,2,3,3
3184566297,2,9,0,3,2,1
3184565893,1,10,0,1,5,3
3184565721,2,2,0,2,2,3
3184564898,1,6,0,3,3,4
3184564717,0,11,1,4,3,5
3184564627,2,8,,,,
3184564603,1,4,0,1,2,3
3184562628,3,10,1,2,3,4
3184560591,0,11,0,1,2,2
3184559479,0,15,1,3,3,3
3184558740,0,14,1,4,1,4
3184556528,3,12,0,2,3,3
3184556337,0,11,1,3,5,5
3184556149,2,1,0,1,5,4
3184554711,0,10,0,3,3,5
3184554619,2,6,1,4,3,5
3184554425,1,7,0,2,3,3
3184553112,3,6,0,4,5,4
3184553062,0,13,1,4,3,4
3184552640,0,18,0,3,3,2
3184550208,0,15,0,2,5,2
3184549669,1,7,0,2,5,4
3184549381,0,9,,,,
3184548938,3,13,1,4,3,5
3184547592,0,8,0,2,3,4
3184547220,2,13,0,3,5,5
3184546280,0,1,1,1,5,
3184543513,1,8,,,,
3184543114,0,21,1,1,5,4
3184541201,0,14,0,1,5,2
3184540508,0,12,0,3,3,3
3184538847,3,14,1,4,3,5
3184537607,0,6,0,4,1,3
3184537241,0,4,0,2,2,5
3184535586,0,12,0,3,5,5
3184535005,0,14,1,3,5,4
3184532338,1,13,0,4,4,5
3184532162,0,11,1,3,4,4
3184530177,2,11,0,3,5,5
3184529241,0,12,0,2,2,3
3184529100,0,9,0,4,3,4
3184528288,0,1,1,2,5,4
3184526634,0,10,0,1,3,4
3184526555,0,11,1,4,2,5
3184526353,0,10,1,3,3,4
3184524507,0,8,1,4,4,3
3184524232,1,12,0,4,3,3
3184523644,3,12,0,3,4,5
3184522936,3,15,1,4,3,5
3184521538,0,8,0,4,3,4
3184521124,0,9,1,2,2,4
3184520943,2,8,0,4,2,3
3184519655,3,5,1,1,5,2
3184518268,0,10,,,,
3184515903,0,13,1,1,5,3
3184514635,3,7,0,2,3,4
3184512199,0,9,,,,
3184510488,0,15,1,1,5,2
3184509648,1,6,0,2,4,3
3184509312,0,14,0,4,3,3
3184509188,0,6,1,1,5,4
3184508725,0,13,1,3,3,3
3184508561,1,7,,,,
3184508173,1,8,0,1,5,3
3184507850,3,5,0,2,2,3
3184507691,0,7,0,2,5,5
3184507093,1,14,1,3,3,5
3184506539,1,6,1,4,3,4
3184505543,2,7,0,3,3,
3184504444,2,10,1,2,2,4
3184503957,0,4,1,2,3,4
3184503116,0,16,0,3,2,4
3184503036,0,9,0,4,4,4
3184502247,1,4,0,3,3,3
3184501364,0,4,0,2,2,2
3184498706,2,12,,,,
3184498479,0,13,0,4,1,5
3184495413,0,13,0,3,3,3
3184495291,0,11,0,2,3,5
3184495205,0,11,,,,
3184495168,1,8,0,3,4,4
3184494941,0,6,0,2,5,4
3184493961,2,9,0,4,1,5
3184493420,2,13,1,1,5,4
3184491305,3,4,0,1,1,2
3184490328,0,10,1,1,3,2
3184488417,0,11,1,4,5,5
3184486827,2,8,1,4,3,3
3184486333,0,10,,,,
3184486167,1,12,0,3,2,4
3184485958,0,12,1,1,2,3
3184485504,0,13,0,4,5,5
3184484641,0,10,1,3,4,5
3184484320,3,10,1,2,3,3
3184483574,0,6,0,3,5,2
3184482947,2,7,1,3,5,5
3184481686,1,3,0,3,5,3
3184481142,0,13,0,3,4,3
3184479982,2,9,0,1,5,4
3184479616,0,5,0,3,4,4
3184479293,2,13,0,3,3,4
3184479052,0,13,0,2,3,3
3184476693,3,11,1,4,3,5
3184475389,2,11,0,1,5,2
3184474579,0,12,0,2,5,5
3184472280,0,9,0,4,3,5
3184472151,1,7,0,2,5,5
3184471281,0,14,0,2,1,4
3184471100,0,14,0,4,3,5
3184470582,0,11,0,3,2,2
3184470552,2,9,0,3,3,3
3184469246,0,8,0,3,5,3
3184468732,1,10,0,1,1,4
3184468599,0,9,1,1,3,3
3184468283,2,16,1,3,4,4
3184468019,0,9,0,2,3,3
3184467511,0,12,1,4,4,5
3184467243,0,15,1,1,1,2
3184467225,0,15,0,1,5,4
3184466194,0,11,1,1,5,2
3184465653,2,2,1,3,4,4
3184465597,0,9,0,4,3,4
3184465426,0,11,0,2,1,4
3184464220,0,8,1,4,3,4
3184464027,0,12,0,2,5,5
3184463762,1,8,0,3,3,3
3184463338,3,8,0,4,3,4
3184463222,0,8,0,4,4,4
3184462362,0,3,0,1,1,3
3184462235,0,3,,,,
3184460645,0,13,1,2,5,3
3184460486,2,7,1,1,3,3
3184460433,1,8,0,3,5,5
3184460319,0,14,0,3,3,5
3184460291,0,13,0,4,3,4
3184459331,2,12,,,,
3184457711,0,16,1,2,3,4
3184457660,1,12,0,1,1,3
3184457095,0,11,0,1,5,4
3184456745,3,6,0,4,5,3
3184456700,0,13,0,4,5,5
3184456324,0,4,,,,
3184456279,3,13,0,1,1,3
3184456164,0,13,0,1,5,4
3184455618,1,6,0,3,2,4
3184454684,0,12,1,4,4,5
3184454193,0,7,0,1,5,2
3184452468,3,7,0,1,3,3
3184451841,0,10,1,3,2,5
3184450300,0,8,0,2,1,4
3184449895,3,6,0,1,3,5
3184448271,0,8,1,1,1,5
3184447844,0,15,0,1,5,4
3184447390,0,12,1,4,5,5
3184447294,0,9,0,3,3,2
3184444157,0,7,0,1,5,2
3184444065,1,10,0,3,1,3
3184442763,3,7,0,3,5,5
3184442311,2,5,0,2,2,4
3184441294,0,9,0,3,3,4
3184440618,0,12,0,1,2,4
3184440365,0,5,0,2,5,3
3184440315,3,9,0,3,3,5
3184440064,0,15,1,3,3,3
3184439760,0,11,1,3,4,5
3184439661,1,10,1,3,3,5
3184439414,3,5,0,1,5,3
3184438617,0,8,0,1,2,4
3184438584,2,11,0,3,1,2
3184437551,0,11,1,4,3,4
3184436842,0,12,0,2,3,3
3184434751,0,10,1,3,4,3
3184434749,0,11,0,4,1,3
3184433823,2,4,1,1,2,3
3184433764,0,9,0,4,3,3
3184433584,1,9,1,2,3,2
3184432030,3,10,1,4,4,5
3184431195,1,12,0,2,2,5
3184430451,0,4,,,,
3184430186,0,12,0,1,3,3
3184430116,1,7,0,3,2,3
3184429762,0,4,0,2,2,5
3184429352,3,5,0,4,,4
3184428975,3,8,0,1,5,3
3184428721,3,7,0,4,,4
3184428229,3,9,0,3,4,5
3184428071,2,12,1,4,4,5
3184427863,0,7,0,2,3,4
3184427797,3,1,,,,
3184426918,3,9,0,1,5,4
3184426363,0,11,0,2,3,5
3184425182,0,12,1,3,5,3
3184424061,0,3,1,1,5,
3184424020,0,9,0,2,2,3
3184422401,0,16,0,3,5,3
3184422156,0,11,,,,
3184421664,3,8,1,2,2,2
3184421337,3,10,0,4,4,5
3184420122,1,1,1,3,2,2
3184418956,2,6,0,3,3,3
3184418753,1,3,0,3,3,2
3184418085,0,8,0,3,4,4
3184417522,1,13,1,4,3,5
3184417511,0,6,,,,
3184417121,0,8,0,3,1,2
3184416950,3,11,1,4,3,3
3184416308,0,14,0,2,3,5
3184415493,0,5,1,3,3,4
3184414923,0,3,0,2,5,5
3184414415,0,12,0,3,5,5
3184413809,3,11,1,4,3,4
3184413535,0,10,1,4,,
3184412922,3,15,0,4,1,4
3184412345,0,6,0,4,3,3
3184412314,0,7,0,3,3,3
3184411938,0,7,0,4,3,4
3184410206,0,8,0,1,1,4
3184409804,3,11,0,4,5,5
3184408975,2,6,1,4,3,4
3184408730,0,14,0,3,3,4
3184407838,3,8,0,2,5,3
3184405602,2,1,0,2,1,2
3184405385,0,8,1,3,5,4
3184404958,0,9,0,2,5,5
3184403720,0,5,0,3,3,5
3184403280,2,9,0,1,3,2
3184402788,0,11,0,1,5,3
3184402587,0,10,0,2,2,3
3184402216,1,13,,,,
3184401502,0,10,0,2,2,4
3184399902,3,12,1,3,5,3
3184396504,3,11,0,3,1,1
3184395167,1,11,0,1,1,5
3184394368,0,11,0,1,3,3
3184394278,3,12,0,3,2,3
3184393184,2,10,0,3,3,4
3184392199,1,5,0,1,1,3
3184390132,0,7,0,3,3,5
3184390068,0,17,1,3,3,4
3184390053,2,6,0,3,3,3
3184390018,0,6,1,4,3,4
3184386563,0,6,0,1,5,2
3184386392,0,11,0,1,4,4
3184385626,0,10,1,2,3,3
3184384821,0,10,0,3,5,5
3184384630,2,9,,,,
3184384494,1,11,1,2,1,5
3184384099,0,14,1,4,1,3
3184384051,3,9,0,2,5,3
3184383312,0,15,1,2,5,5
3184382496,3,8,0,1,1,4
3184382481,0,9,1,2,3,3
3184380730,3,11,0,1,2,5
3184379936,0,16,0,1,2,3
3184379158,0,12,0,3,5,5
3184378535,2,8,0,4,1,3
3184378396,0,13,0,3,3,5
3184376663,1,10,0,1,3,3
3184376511,0,4,0,1,2,3
3184376419,0,8,1,3,4,4
3184375943,3,12,1,3,4,3
3184375851,2,11,0,2,2,3
3184375709,0,11,0,2,5,4
3184375676,3,11,,,,
3184374196,3,8,0,2,2,3
3184373428,0,8,1,3,3,3
3184373393,2,13,,,,
3184373364,0,9,1,3,2,5
3184373148,0,12,1,4,4,3
3184373124,1,9,0,1,3,4
3184372815,2,12,1,3,4,3
3184372132,3,7,,,,
3184372097,0,12,0,1,5,2
3184371365,1,4,0,3,5,3
3184370168,2,8,0,2,3,5
3184368885,1,9,,,,
3184368452,1,6,1,2,1,2
3184368191,3,15,1,4,5,5
3184366890,0,13,1,2,5,3
3184366332,3,9,0,2,2,4
3184365979,2,12,0,2,3,3
3184365130,0,11,0,1,3,3
3184365023,1,11,1,4,3,3
3184364334,0,10,,,,
3184363859,3,6,0,1,3,3
3184362401,0,7,0,3,,3
3184360645,2,1,0,1,3,1
3184359472,2,12,0,1,1,5
3184359308,0,6,0,4,3,3
3184358529,1,8,1,3,1,2
3184358173,3,10,0,2,5,4
3184357938,2,8,1,3,5,4
3184357590,3,7,0,2,3,2
3184357023,0,11,0,2,5,5
3184356460,0,13,0,4,5,2
3184355221,1,5,0,1,5,3
3184355155,0,8,0,1,1,4
3184354896,2,14,0,3,5,5
3184354141,0,8,0,2,4,4
3184353638,2,7,0,4,3,3
3184352987,0,9,0,1,1,3
3184351696,2,6,0,2,5,4
3184351212,0,13,0,1,1,4
3184350828,3,10,0,3,5,3
3184350388,1,14,0,4,2,1
3184349780,2,13,0,1,2,5
3184348696,2,11,0,2,3,4
3184348335,0,6,0,3,1,
3184348144,3,10,1,4,3,5
3184347668,2,10,0,1,1,4
3184345413,0,14,0,4,5,5
3184344687,0,12,0,4,5,5
3184343158,0,13,1,1,4,1
3184343020,0,15,1,1,2,3
3184342808,3,6,,,,
3184342579,3,1,1,3,4,4
3184341759,3,8,1,3,3,4
3184341681,0,1,0,1,1,3
3184341055,0,11,0,3,2,3
3184340764,2,14,0,2,2,4
3184339671,3,1,,,,
3184339152,0,9,0,1,1,3
3184338872,3,6,0,4,3,4
3184337617,3,6,0,2,1,2
3184336953,0,8,0,3,5,3
3184336546,0,12,0,1,2,3
3184334377,0,3,0,1,5,2
3184332967,1,6,0,4,3,2
3184332847,3,14,,,,
3184331334,0,9,1,3,4,4
3184330383,2,12,0,4,4,4
3184330335,2,9,0,3,2,4
3184329302,0,5,,,,
3184328896,0,12,0,4,3,5
3184328329,0,6,0,2,5,5
3184324814,0,11,1,3,,5
3184324783,0,14,1,4,4,4
3184323464,0,8,0,1,2,3
3184323181,1,11,1,2,2,3
3184323092,3,12,0,4,2,3
3184323087,0,6,1,3,5,3
3184322972,0,11,0,3,3,5
3184322710,0,7,0,1,1,3
3184322530,1,12,0,4,5,5
3184322176,2,10,0,3,5,5
3184321875,1,14,0,4,3,5
3184321699,3,10,0,2,4,3
3184320990,0,14,1,4,3,4
3184320428,3,11,1,4,2,3
3184319569,0,13,0,1,5,4
3184319314,0,7,0,1,1,4
3184318241,0,11,1,1,5,3
3184317854,3,15,1,2,3,5
3184317685,0,15,0,2,2,4
3184317667,2,10,0,1,5,2
3184317289,0,5,1,3,2,3
3184317184,0,7,0,2,5,5
3184316975,3,8,0,2,3,3
3184316627,0,13,0,3,3,5
3184316268,0,12,0,3,3,4
3184315294,0,9,1,3,2,5
3184312863,0,10,0,3,3,3
3184312440,1,5,0,2,5,4
3184311051,3,10,0,3,4,3
3184310558,0,5,0,2,3,3
3184309877,0,15,1,1,3,4
3184309814,2,8,0,1,2,4
3184307125,3,9,0,3,3,2
3184304494,1,7,0,2,3,2
3184300232,0,16,1,4,1,3
3184299795,3,8,0,2,5,4
3184298592,0,9,0,4,2,3
3184298501,3,7,1,4,5,4
3184297881,0,11,0,3,5,4
3184296898,1,13,0,2,1,5
3184294764,1,13,1,2,5,3
3184294354,1,10,,,,
3184294026,0,7,0,1,3,5
3184292412,3,16,0,2,3,3
3184291733,0,12,1,2,3,4
3184291243,0,11,1,1,5,3
3184290763,1,9,0,1,3,5
3184290192,0,11,0,1,1,5
3184288662,0,7,0,2,3,3
3184288504,0,9,0,3,5,5
3184288350,0,14,0,3,5,4
3184286361,0,5,1,3,5,5
3184286132,1,13,0,1,5,3
3184285784,2,9,0,2,2,3
3184285478,0,15,1,2,2,3
3184285000,1,10,0,1,2,4
3184284687,2,13,1,3,5,3
3184284476,3,12,0,3,3,4
3184284141,0,7,0,1,2,4
3184284012,0,8,0,3,5,4
3184282605,0,8,,,,
3184282561,0,9,1,2,5,4
3184281679,0,9,0,1,3,4
3184281163,0,20,0,3,1,5
3184280845,0,12,1,4,5,5
3184280232,0,11,0,1,1,3
3184279894,0,12,0,2,3,5
3184279883,2,13,0,3,2,4
3184278861,3,7,0,3,1,4
3184278063,0,12,0,1,1,3
3184277768,2,2,0,2,3,2
3184276920,2,4,,,,
3184276599,3,10,0,2,2,5
3184275856,1,9,0,2,2,4
3184275741,3,7,0,3,3,4
3184274637,0,4,0,3,3,4
3184274322,1,10,,,,
3184274301,0,17,0,3,3,4
3184274287,2,11,0,1,1,3
3184273939,3,10,1,3,3,4
3184273475,3,9,1,2,4,4
3184273251,0,13,0,1,2,5
3184272985,3,3,1,4,4,2
3184271152,0,12,0,2,3,4
3184270786,0,8,1,3,4,5
3184268728,0,7,0,4,5,4
3184264308,1,12,0,1,4,3
3184264187,2,12,0,1,1,3
3184263547,3,7,0,1,4,4
3184262331,1,14,0,1,5,4
3184260309,2,5,0,1,2,3
3184259210,0,16,0,1,5,3
3184258913,1,10,1,3,3,5
3184258903,1,8,0,2,3,4
3184257855,0,7,0,1,5,4
3184256084,0,11,0,4,3,3
3184256065,2,11,0,1,3,3
3184255501,0,3,,,,
3184255386,3,12,0,2,5,4
3184254094,0,7,0,2,5,4
3184252343,0,11,1,2,5,5
3184251882,3,9,0,1,3,5
3184251768,3,10,0,2,4,4
3184251573,0,12,0,2,2,5
3184251497,3,10,0,2,2,4
3184251406,0,11,0,2,5,4
3184251286,0,11,,,,
3184250947,0,10,0,4,3,3
3184250806,3,1,,,,
3184250072,0,12,0,2,2,5
3184247995,0,13,1,1,4,5
3184247770,2,1,0,2,1,5
3184247522,1,6,0,3,5,5
3184247034,1,10,1,3,4,3
3184245811,3,10,0,1,4,3
3184244210,3,11,0,3,5,5
3184242466,3,8,0,4,3,2
3184241972,3,6,0,3,3,3
3184241293,0,9,0,3,2,3
3184241139,0,14,0,1,2,5
3184240088,3,12,1,4,4,4
3184238588,0,12,0,2,1,5
3184236205,0,12,0,2,2,3
3184235404,0,9,0,1,2,4
3184228563,0,13,1,1,5,4
3184228262,0,5,0,3,3,4
3184226769,2,5,0,2,1,3
3184225467,2,4,,,,
3184224197,0,11,1,4,5,3
3184223787,3,12,1,1,2,3
3184223243,0,12,0,4,3,5
3184223188,2,11,1,3,5,5
3184222629,1,16,,,,
3184222282,3,3,0,1,5,3
3184221964,1,9,1,1,5,3
3184220898,1,7,0,2,2,3
3184220023,3,11,1,2,,
3184217242,2,6,1,4,2,5
3184216968,0,10,1,2,1,4
3184214778,0,13,0,2,3,4
3184213917,1,13,,,,
3184211660,0,9,0,3,1,4
3184210770,1,16,0,2,2,5
3184210143,0,12,0,2,3,3
3184209355,0,13,0,4,4,5
3184209019,0,1,1,1,5,3
3184208322,0,6,0,4,3,3
3184208287,0,15,0,1,1,2
3184207383,0,9,0,3,4,3
3184207176,2,15,0,1,1,5
3184206129,3,15,0,2,3,2
3184205825,2,13,1,3,5,4
3184205824,0,9,1,3,4,4
3184205213,1,7,,,,
3184205153,0,13,1,2,3,4
3184204876,0,14,0,4,3,3
3184204651,3,10,0,2,1,4
3184202656,1,12,0,3,3,3
3184201512,2,6,0,1,2,3
3184200772,3,9,0,3,4,2
3184200739,1,11,1,3,3,2
3184196326,0,9,1,3,3,5
3184194457,0,5,0,4,5,3
3184194137,3,11,,,,
3184191618,3,8,0,3,2,5
3184190320,0,15,1,1,3,5
3184186007,0,12,0,3,3,5
3184185491,3,1,1,3,4,4
3184183607,3,11,0,3,4,4
3184183143,0,7,0,3,3,5
3184182797,0,13,,,,
3184182272,2,13,1,3,4,3
3184180704,0,1,0,2,2,2
3184177880,0,3,0,2,2,4
3184177727,0,10,0,1,5,4
3184176956,1,10,0,4,3,4
3184176617,0,9,1,3,4,4
3184175370,3,7,0,3,2,2
3184174667,0,6,1,3,3,3
3184174252,2,11,0,1,5,3
3184173491,3,14,0,3,3,4
3184173296,0,10,0,4,5,5
3184169927,0,12,1,2,2,5
3184169506,3,4,0,2,3,5
3184168698,0,8,1,3,5,3
3184168035,0,14,1,2,5,2
3184166733,0,6,,,,
3184165480,0,8,0,2,3,4
3184165006,0,11,0,1,3,4
3184164254,0,11,0,2,3,5
3184162935,0,9,0,2,2,4
3184162911,1,4,,,,
3184162457,2,12,0,1,5,3
3184161442,1,11,0,4,5,3
3184160090,1,5,0,3,3,3
3184159433,1,7,0,1,3,2
3184158117,2,11,0,1,5,4
3184156873,0,1,0,2,5,3
3184156290,0,9,0,1,3,4
3184155890,1,8,0,3,3,2
3184154766,0,4,1,2,3,3
3184151814,1,10,0,3,4,5
3184151229,0,12,0,1,5,2
3184150779,1,12,0,1,2,4
3184149140,3,12,0,1,1,4
3184148033,3,9,1,3,3,3
3184147996,0,5,0,2,2,4
3184143938,2,11,0,2,3,4
3184141778,0,13,0,2,5,4
3184141325,0,10,0,2,3,4
3184141274,0,13,0,3,2,5
3184140339,2,12,1,1,4,4
3184140161,1,12,0,3,3,3
3184139547,0,8,1,1,1,3
3184138224,0,9,1,4,3,5
3184138137,0,8,1,3,3,2
3184138096,3,13,0,2,4,4
3184137459,2,6,0,1,4,4
3184136909,0,8,0,2,2,3
3184135723,3,7,0,2,3,4
3184135133,2,12,1,3,1,4
3184134206,0,12,0,3,5,5
3184134178,2,9,0,1,2,3
3184133518,0,12,1,4,3,5
3184133049,0,13,0,4,1,3
3184131320,2,9,0,2,3,5
3184130504,1,11,0,2,1,2
3184129607,3,13,0,2,4,4
3184128193,1,7,0,4,5,4
3184125174,0,5,0,3,2,4
3184122095,0,8,0,3,5,3
3184121439,0,7,0,3,3,3
3184120220,0,5,0,3,1,2
3184118227,0,11,0,2,3,4
3184114835,1,1,1,3,5,4
3184072994,,16,,,,